wyId,shortName,firstName,middleName,lastName,birthDate,birthArea.id,birthArea.alpha2code,birthArea.alpha3code,birthArea.name,passportArea.id,passportArea.alpha2code,passportArea.alpha3code,passportArea.name
378217,A. Guzmán,Alexander,,Guzmán Bonilla,,170,CO,COL,Colombia,170,CO,COL,Colombia
385011,S. Bennett,Simon,,Bennett,,826,EN,XEN,England,826,EN,XEN,England
385544,H. Osmers,Harm,,Osmers,1985-01-28,276,DE,DEU,Germany,276,DE,DEU,Germany
383894,F. Assmuth,Frederick,,Assmuth,1977-12-20,276,DE,DEU,Germany,276,DE,DEU,Germany
385800,F. Hebrard,Frédéric,,Hebrard,,250,FR,FRA,France,250,FR,FRA,France
385015,Javier Aguilar,Javier,,Aguilar Rodríguez,,724,ES,ESP,Spain,724,ES,ESP,Spain
395082,Víctor Pérez,Víctor,,Pérez Peraza,1984-12-28,724,ES,ESP,Spain,724,ES,ESP,Spain
395056,Alfonso Álvarez,Alfonso,,Álvarez Izquierdo,1972-09-12,724,ES,ESP,Spain,724,ES,ESP,Spain
380678,Abdulrahman Al Jassim,Abdulrahman Ibrahim,,Al Jassim,,634,QA,QAT,Qatar,634,QA,QAT,Qatar
381835,G. Winkmann,Guido,,Winkmann,1973-11-27,276,DE,DEU,Germany,276,DE,DEU,Germany
385997,N. Hopton,Nicholas,,Hopton,,826,EN,XEN,England,826,EN,XEN,England
408156,G. Scott,Graham,,Scott,,826,EN,XEN,England,826,EN,XEN,England
382685,J. Fletcher,Joe,,Fletcher,1976-09-10,124,CA,CAN,Canada,124,CA,CAN,Canada
385514,C. Mugnier,Cyril,,Mugnier,,250,FR,FRA,France,250,FR,FRA,France
385917,S. Long,Simon,,Long,,826,EN,XEN,England,826,EN,XEN,England
385495,F. Batta,Florent,,Batta,1980-06-14,250,FR,FRA,France,250,FR,FRA,France
384961,Javier Estrada,Javier,,Estrada Fernández,1976-01-27,724,ES,ESP,Spain,724,ES,ESP,Spain
385794,N. Henninot,Nicolas,,Henninot,1977-04-10,250,FR,FRA,France,250,FR,FRA,France
518503,V. Vecchi,Valerio,,Vecchi,,380,IT,ITA,Italy,380,IT,ITA,Italy
381853,L. Mason,Lee,,Mason,1971-10-29,826,EN,XEN,England,826,EN,XEN,England
395306,Carlos Álvarez,Carlos,,Álvarez Fernández,1990-07-16,724,ES,ESP,Spain,724,ES,ESP,Spain
384628,S. De Almeida,Stéphane,,De Almeida,,756,CH,CHE,Switzerland,756,CH,CHE,Switzerland
386322,A. Drouet,Aurélien,,Drouet,,250,FR,FRA,France,250,FR,FRA,France
379365,M. Annonier,Mickael,,Annonier,1972-06-18,250,FR,FRA,France,250,FR,FRA,France
407046,M. Conger,Matthew,,Conger,1978-10-11,554,NZ,NZL,New Zealand,554,NZ,NZL,New Zealand
457401,V. Colarossi,Valerio,,Colarossi,1984-06-13,380,IT,ITA,Italy,380,IT,ITA,Italy
380599,A. Faghani,Alireza,,Faghani,1978-03-21,364,IR,IRN,Iran,364,IR,IRN,Iran
385483,J. Hamel,Johan,,Hamel,1980-10-11,250,FR,FRA,France,250,FR,FRA,France
393612,V. Marini,Valerio,,Marini,1982-09-13,380,IT,ITA,Italy,380,IT,ITA,Italy
394375,A. Baert,Arnaud,,Baert,,250,FR,FRA,France,250,FR,FRA,France
379359,T. Stieler,Tobias,,Stieler,1981-07-02,276,DE,DEU,Germany,276,DE,DEU,Germany
379551,H. Lennard,Harry,,Lennard,,826,EN,XEN,England,826,EN,XEN,England
385519,T. Bouille,Thierry,,Bouille,,250,FR,FRA,France,250,FR,FRA,France
383898,M. Jöllenbeck,Matthias,,Jöllenbeck,,276,DE,DEU,Germany,276,DE,DEU,Germany
385532,P. Gaillouste,Pierre ,,Gaillouste,,250,FR,FRA,France,250,FR,FRA,France
386316,M. Rahmouni,Mehdi,,Rahmouni,,250,FR,FRA,France,250,FR,FRA,France
388419,C. La Rocca,Claudio,,La Rocca,,380,IT,ITA,Italy,380,IT,ITA,Italy
379010,S. Lapochkin,Sergey,,Lapochkin,1981-04-28,643,RU,RUS,Russia,643,RU,RUS,Russia
411252,A. Etchiali,Abdelhak,,Etchiali,1981-06-27,12,DZ,DZA,Algeria,12,DZ,DZA,Algeria
388412,G. Paganessi,Giacomo,,Paganessi,,380,IT,ITA,Italy,380,IT,ITA,Italy
385956,O. Langford,Oliver,,Langford,,826,EN,XEN,England,826,EN,XEN,England
388342,C. Mouysset,Cédric,,Mouysset,,250,FR,FRA,France,250,FR,FRA,France
380595,Yaser Tulefat,Yaser Khalil Ebrahim,,Abdulla Tulefat,1974-06-24,48,BH,BHR,Bahrain,48,BH,BHR,Bahrain
388413,V. Fiorito,Valentino,,Fiorito,1976-07-30,380,IT,ITA,Italy,380,IT,ITA,Italy
378951,C. Pawson,Craig,,Pawson,,826,EN,XEN,England,826,EN,XEN,England
386315,E. Wattellier,Eric,,Wattellier,,250,FR,FRA,France,250,FR,FRA,France
395058,Enrique Ramos,Enrique José,,Ramos Ferreiros,,724,ES,ESP,Spain,724,ES,ESP,Spain
393558,S. Alassio,Stefano,,Alassio,,380,IT,ITA,Italy,380,IT,ITA,Italy
385733,A. Holmes,Adrian,,Holmes,,826,EN,XEN,England,826,EN,XEN,England
386594,N. Davies,Neil,,Davies,,826,EN,XEN,England,826,EN,XEN,England
385745,C. Sarginson,Chris,,Sarginson,,826,EN,XEN,England,826,EN,XEN,England
457079,Alberto Fuente,Alberto,,Fuente Martín,1986-10-11,724,ES,ESP,Spain,724,ES,ESP,Spain
390525,M. Leleu,Mickaël,,Leleu,1983-09-06,250,FR,FRA,France,250,FR,FRA,France
557187,J. Seidel,Jan,,Seidel,1984-10-10,276,DE,DEU,Germany,276,DE,DEU,Germany
379378,P. Ittrich,Patrick,,Ittrich,1979-01-03,276,DE,DEU,Germany,276,DE,DEU,Germany
395201,Luis Collado,Luis,,Collado López,1984-01-24,724,ES,ESP,Spain,724,ES,ESP,Spain
420845,Borja Martínez,Borja,,Martínez García,1993-09-16,724,ES,ESP,Spain,724,ES,ESP,Spain
378954,M. Thomsen,Martin,,Thomsen,1985-10-01,276,DE,DEU,Germany,276,DE,DEU,Germany
458270,M. Scarpa,Mattia,,Scarpa,,380,IT,ITA,Italy,380,IT,ITA,Italy
385481,O. Thual,Olivier,,Thual,1976-07-24,250,FR,FRA,France,250,FR,FRA,France
385546,R. Rohde,René,,Rohde,1980-09-10,276,DE,DEU,Germany,276,DE,DEU,Germany
385513,R. Lissorgue,Romain,,Lissorgue,1991-06-23,250,FR,FRA,France,250,FR,FRA,France
384938,T. Ongun,Tarik,,Ongun,1973-02-03,792,TR,TUR,Turkey,792,TR,TUR,Turkey
384952,F. Zwayer,Felix,,Zwayer,1981-05-19,276,DE,DEU,Germany,276,DE,DEU,Germany
388361,P. Alt,Patrick,,Alt,1985-02-24,276,DE,DEU,Germany,276,DE,DEU,Germany
385510,S. Frappart,Stéphanie,,Frappart,1983-12-14,250,FR,FRA,France,250,FR,FRA,France
386297,B. Bastien,Benoît,,Bastien,1983-04-17,250,FR,FRA,France,250,FR,FRA,France
377253,M. Irrati,Massimiliano,,Irrati,1979-06-27,380,IT,ITA,Italy,380,IT,ITA,Italy
384946,Antonio Mateu,Antonio Miguel,,Mateu Lahoz,1977-03-12,724,ES,ESP,Spain,724,ES,ESP,Spain
387273,F. Willenborg,Frank,,Willenborg,1979-02-10,276,DE,DEU,Germany,276,DE,DEU,Germany
385911,A. Marriner,Andre,,Marriner,1971-01-01,826,EN,XEN,England,826,EN,XEN,England
396785,N. Baroni,Niccolò,,Baroni,1983-05-06,380,IT,ITA,Italy,380,IT,ITA,Italy
377256,M. Di Bello,Marco,,Di Bello,1981-07-17,380,IT,ITA,Italy,380,IT,ITA,Italy
398916,Alfonso Baena,Alfonso,,Baena Espejo,,724,ES,ESP,Spain,724,ES,ESP,Spain
385473,Ignacio Iglesias,Ignacio,,Iglesias Villanueva,1975-06-01,724,ES,ESP,Spain,724,ES,ESP,Spain
398196,Mohamed Abdulla Hassan Mohd,Mohamed Abdulla,,Hassan Mohd,,784,AE,ARE,United Arab Emirates,784,AE,ARE,United Arab Emirates
395069,Juan Barranco,Juan Carlos,,Barranco Trejo,,724,ES,ESP,Spain,724,ES,ESP,Spain
395169,Miguel Ortiz,Miguel Ángel,,Ortiz Arias,1984-11-23,724,ES,ESP,Spain,724,ES,ESP,Spain
385548,S. Waschitzki,Sven,,Waschitzki,,276,DE,DEU,Germany,276,DE,DEU,Germany
420139,D. Rocca,Domenico,,Rocca,1984-02-25,380,IT,ITA,Italy,380,IT,ITA,Italy
377233,A. Damato,Antonio,,Damato,1972-08-15,380,IT,ITA,Italy,380,IT,ITA,Italy
380889,J. Pitti,Jhon,,Pitti,,591,PA,PAN,Panama,591,PA,PAN,Panama
398962,Rubén Ruipérez,Rubén,,Ruipérez Marín,1991-01-04,724,ES,ESP,Spain,724,ES,ESP,Spain
377261,F. La Penna,Federico,,La Penna,1983-08-07,380,IT,ITA,Italy,380,IT,ITA,Italy
384920,M. Jug,Matej,,Jug,1980-09-25,705,SI,SVN,Slovenia,705,SI,SVN,Slovenia
457142,J. Pitty,John Francis,,Pitty,,591,PA,PAN,Panama,591,PA,PAN,Panama
384943,S. Vinčić,Slavko,,Vinčić,1979-11-25,705,SI,SVN,Slovenia,705,SI,SVN,Slovenia
385910,R. West,Richard,,West,1975-02-25,826,EN,XEN,England,826,EN,XEN,England
383493,C. Gittelmann,Christian,,Gittelmann,1983-02-12,276,DE,DEU,Germany,276,DE,DEU,Germany
420893,Mohamed Massat,Mohamed,,Massat,1994-01-30,724,ES,ESP,Spain,724,ES,ESP,Spain
385501,M. Grosbost,Mathieu,,Grosbost,1978-02-19,250,FR,FRA,France,250,FR,FRA,France
384917,W. Collum,William,,Collum,1979-01-18,1002,SC,XSC,Scotland,1002,SC,XSC,Scotland
395195,Miguel Bosch,Miguel,,Bosch Domenech,1980-12-23,724,ES,ESP,Spain,724,ES,ESP,Spain
383355,L. Koslowski,Lasse,,Koslowski,,276,DE,DEU,Germany,276,DE,DEU,Germany
395217,Iosu Galech,Iosu,,Galech Apezteguía,1990-12-12,724,ES,ESP,Spain,724,ES,ESP,Spain
381832,José Fernández,José Manuel,,Fernández Miranda,1976-03-12,724,ES,ESP,Spain,724,ES,ESP,Spain
395178,Francisco Fernández,Francisco Javier,,Fernández Vidal,1985-05-12,724,ES,ESP,Spain,724,ES,ESP,Spain
379388,Carlos Del Cerro,Carlos,,Del Cerro Grande,1976-03-13,724,ES,ESP,Spain,724,ES,ESP,Spain
395326,Francisco Miralles,Francisco,,Miralles Selma,1987-01-24,724,ES,ESP,Spain,724,ES,ESP,Spain
384962,Pau Cebrián,Pau,,Cebrián Devis,,724,ES,ESP,Spain,724,ES,ESP,Spain
385919,M. Scholes,Mark,,Scholes,,826,EN,XEN,England,826,EN,XEN,England
378232,A. Cunha,Andrés,,Cunha,1976-09-08,858,UY,URY,Uruguay,858,UY,URY,Uruguay
384376,M. Klasenius,Mathias,,Klasenius,1975-04-25,752,SE,SWE,Sweden,752,SE,SWE,Sweden
381828,A. Averianov,Anton,,Averianov,1973-01-31,643,RU,RUS,Russia,643,RU,RUS,Russia
384982,S. Karasev,Sergey,,Karasev,1979-06-12,643,RU,RUS,Russia,643,RU,RUS,Russia
385523,F. Benchabane,Faouzi,,Benchabane,1989-08-24,250,FR,FRA,France,250,FR,FRA,France
381843,F. Schneider,Frank,,Schneider,1979-05-11,250,FR,FRA,France,250,FR,FRA,France
377246,F. Pasqua,Fabrizio,,Pasqua,1982-11-07,380,IT,ITA,Italy,380,IT,ITA,Italy
395083,Iván González,Iván,,González González,1981-09-01,724,ES,ESP,Spain,724,ES,ESP,Spain
395104,Leandro Carbajales,Leandro,,Carbajales Gómez,1991-06-16,724,ES,ESP,Spain,724,ES,ESP,Spain
385705,P. Tierney,Paul,,Tierney,,826,EN,XEN,England,826,EN,XEN,England
456269,N. Hauata,Norbert,,Hauata,1979-06-08,1012,TA,XTA,Tahiti,1012,TA,XTA,Tahiti
377269,I. Pezzuto,Ivano,,Pezzuto,1984-02-13,380,IT,ITA,Italy,380,IT,ITA,Italy
379461,A. Giallatini,Alessandro,,Giallatini,,380,IT,ITA,Italy,380,IT,ITA,Italy
377215,B. Kuipers,Björn,,Kuipers,1973-03-28,528,NL,NLD,Netherlands,528,NL,NLD,Netherlands
383886,S. Lupp,Stefan,,Lupp,1978-09-09,276,DE,DEU,Germany,276,DE,DEU,Germany
518502,D. Imperiale,Davide,,Imperiale,,380,IT,ITA,Italy,380,IT,ITA,Italy
378977,H. Zakrani,Hicham,,Zakrani,1979-09-04,250,FR,FRA,France,250,FR,FRA,France
381933,M. Zürcher,Marco ,,Zürcher ,,756,CH,CHE,Switzerland,756,CH,CHE,Switzerland
395085,José Sánchez,José María,,Sánchez Martínez,1983-10-03,724,ES,ESP,Spain,724,ES,ESP,Spain
384980,M. Ristić,Milovan,,Ristić,1974-05-01,688,RS,SRB,Serbia,688,RS,SRB,Serbia
379019,Teodoro Sobrino,Teodoro,,Sobrino Magán,,724,ES,ESP,Spain,724,ES,ESP,Spain
377209,N. Rizzoli,Nicola,,Rizzoli,1971-10-05,380,IT,ITA,Italy,380,IT,ITA,Italy
393623,G. Colella,Giovanni,,Colella,,380,IT,ITA,Italy,380,IT,ITA,Italy
395408,Álvaro Varón,Álvaro,,Varón Aceitón,1993-10-30,724,ES,ESP,Spain,724,ES,ESP,Spain
395331,Alexander González,Alexander,,González González,1988-12-09,724,ES,ESP,Spain,724,ES,ESP,Spain
395267,César Díez,César,,Díez Cano,1985-05-02,724,ES,ESP,Spain,724,ES,ESP,Spain
395099,Alexis Pulido,Alexis Carlos,,Pulido Santana,1986-07-08,724,ES,ESP,Spain,724,ES,ESP,Spain
395351,Josep Subirats,Josep,,Subirats Matamoros,1986-02-28,724,ES,ESP,Spain,724,ES,ESP,Spain
395402,Rafael Sánchez,Rafael,,Sánchez López,1991-01-29,724,ES,ESP,Spain,724,ES,ESP,Spain
396648,P. Dei Giudici,Pietro,,Dei Giudici,1980-09-27,380,IT,ITA,Italy,380,IT,ITA,Italy
384995,C. Çakιr,Cüneyt,,Çakιr,1976-11-23,792,TR,TUR,Turkey,792,TR,TUR,Turkey
384973,D. Aytekin,Deniz,,Aytekin,1978-07-21,276,DE,DEU,Germany,276,DE,DEU,Germany
388405,G. Vuoto,Gianluca,,Vuoto,,380,IT,ITA,Italy,380,IT,ITA,Italy
396657,L. Mondin,Luca,,Mondin,,380,IT,ITA,Italy,380,IT,ITA,Italy
505545,P. Capaldo,Pasquale,,Capaldo,,380,IT,ITA,Italy,380,IT,ITA,Italy
386719,T. Robinson,Tim,,Robinson,,826,EN,XEN,England,826,EN,XEN,England
388415,A. Tegoni,Alberto,,Tegoni,1979-12-25,380,IT,ITA,Italy,380,IT,ITA,Italy
385814,M. Emmer,Michael,,Emmer,1971-02-22,276,DE,DEU,Germany,276,DE,DEU,Germany
385791,H. Ocak,Huseyin,,Ocak,1981-05-16,250,FR,FRA,France,250,FR,FRA,France
379444,S. Stegemann,Sascha,,Stegemann,1984-12-06,276,DE,DEU,Germany,276,DE,DEU,Germany
479882,Adrián Martínez,Adrián,,Martínez Miguel,,724,ES,ESP,Spain,724,ES,ESP,Spain
377271,R. Abisso,Rosario,,Abisso,1985-11-22,380,IT,ITA,Italy,380,IT,ITA,Italy
381858,B. Brand,Benjamin,,Brand,1989-07-10,276,DE,DEU,Germany,276,DE,DEU,Germany
387276,S. Jablonski,Sven,,Jablonski,1990-04-13,276,DE,DEU,Germany,276,DE,DEU,Germany
420591,José Pardeiro,José Alberto,,Pardeiro Puente,1988-07-21,724,ES,ESP,Spain,724,ES,ESP,Spain
385712,P. Bankes,Peter,,Bankes,,826,EN,XEN,England,826,EN,XEN,England
393624,A. Rapuano,Antonio,,Rapuano,1985-04-10,380,IT,ITA,Italy,380,IT,ITA,Italy
531809,Inmaculada Prieto Martínez,Inmaculada,,Prieto Martínez,1993-04-19,724,ES,ESP,Spain,724,ES,ESP,Spain
383336,B. Cortus,Benjamin,,Cortus,1981-12-13,276,DE,DEU,Germany,276,DE,DEU,Germany
378994,Juan Martínez,Juan,,Martínez Munuera,1982-07-13,724,ES,ESP,Spain,724,ES,ESP,Spain
383902,S. Storks,Sören,,Storks,,276,DE,DEU,Germany,276,DE,DEU,Germany
395105,Fernando Tresaco,Fernando,,Tresaco Escabosa,,724,ES,ESP,Spain,724,ES,ESP,Spain
377244,D. Doveri,Daniele,,Doveri,1977-12-10,380,IT,ITA,Italy,380,IT,ITA,Italy
407901,B. Gassama,Bakary Papa,,Gassama,1979-02-10,270,GM,GMB,Gambia,270,GM,GMB,Gambia
381854,Santiago Jaime,Santiago,,Jaime Latre,1979-08-11,724,ES,ESP,Spain,724,ES,ESP,Spain
395443,José Martínez,José David,,Martínez Montalbán,1993-11-04,724,ES,ESP,Spain,724,ES,ESP,Spain
381894,Ángel Nevado,Ángel,,Nevado Rodríguez,,724,ES,ESP,Spain,724,ES,ESP,Spain
385482,Y. Rouinsard,Yohann,,Rouinsard,1975-04-10,250,FR,FRA,France,250,FR,FRA,France
411256,Waleed Ahmed Ali,Waleed,,Ahmed Ali,,729,SD,SDN,Sudan,729,SD,SDN,Sudan
385789,T. Philippe,Tugdual,,Philippe,1974-06-10,250,FR,FRA,France,250,FR,FRA,France
384931,C. Turpin,Clément,,Turpin,1982-05-16,250,FR,FRA,France,250,FR,FRA,France
388333,R. East,Roger,,East,1965-05-12,826,EN,XEN,England,826,EN,XEN,England
381857,D. Schaal,Dominik,,Schaal,1985-07-25,276,DE,DEU,Germany,276,DE,DEU,Germany
395096,Fernando Bueno,Fernando,,Bueno Prieto,1988-10-03,724,ES,ESP,Spain,724,ES,ESP,Spain
396788,L. Pillitteri,Luigi,,Pillitteri,1985-02-27,380,IT,ITA,Italy,380,IT,ITA,Italy
411262,Ghead Grisha,Ghead,,Grisha,1976-02-29,818,EG,EGY,Egypt,818,EG,EGY,Egypt
384804,O. Hațegan,Ovidiu,,Hațegan,1980-07-14,642,RO,ROU,Romania,642,RO,ROU,Romania
385537,B. Lepaysant,Benjamin,,Lepaysant,,250,FR,FRA,France,250,FR,FRA,France
385915,N. Swarbrick,Neil,,Swarbrick,1970-07-27,826,EN,XEN,England,826,EN,XEN,England
385534,J. Stinat,Jeremy,,Stinat,,250,FR,FRA,France,250,FR,FRA,France
399066,P. De Meo,Pasquale,,De Meo,1982-06-15,380,IT,ITA,Italy,380,IT,ITA,Italy
385520,A. Kherradji,Abdelatif,,Kherradji,,250,FR,FRA,France,250,FR,FRA,France
395226,Iván Muñoz,Iván,,Muñoz Pérez,1981-11-20,724,ES,ESP,Spain,724,ES,ESP,Spain
388410,S. Longo,Salvatore,,Longo,,380,IT,ITA,Italy,380,IT,ITA,Italy
381849,M. Achmüller,Marco,,Achmüller,1979-10-17,276,DE,DEU,Germany,276,DE,DEU,Germany
378051,N. Pitana,Néstor Fabián,,Pitana,1975-06-17,32,AR,ARG,Argentina,32,AR,ARG,Argentina
380580,A. Rasulov,Abdukhamidullo,,Rasulov,1976-01-10,860,UZ,UZB,Uzbekistan,860,UZ,UZB,Uzbekistan
459836,José Guzmán,José Luis,,Guzmán Mansilla,1995-11-02,724,ES,ESP,Spain,724,ES,ESP,Spain
393630,O. Muto,Oreste,,Muto,,380,IT,ITA,Italy,380,IT,ITA,Italy
379464,M. Vivenzi,Mauro,,Vivenzi,,380,IT,ITA,Italy,380,IT,ITA,Italy
385527,A. Petit,Aurélien,,Petit,1987-07-17,250,FR,FRA,France,250,FR,FRA,France
383491,C. Dingert,Christian,,Dingert,1980-07-14,276,DE,DEU,Germany,276,DE,DEU,Germany
395166,Hugo López,Hugo José,,López Puerta,1978-05-16,724,ES,ESP,Spain,724,ES,ESP,Spain
456216,S. Massey,Sian,,Massey,1985-10-22,826,EN,XEN,England,826,EN,XEN,England
384889,D. Cann,Darren,,Cann,1969-01-22,826,EN,XEN,England,826,EN,XEN,England
378038,H. Maidana,Hernán,,Maidana,1972-02-14,32,AR,ARG,Argentina,32,AR,ARG,Argentina
378231,N. Taran,Nicolás,,Taran,1980-08-27,858,UY,URY,Uruguay,858,UY,URY,Uruguay
384970,L. Manganelli,Lorenzo,,Manganelli,,380,IT,ITA,Italy,380,IT,ITA,Italy
377219,P. Valeri,Paolo,,Valeri,1974-05-16,380,IT,ITA,Italy,380,IT,ITA,Italy
385923,E. Smart,Edward,,Smart,,826,EN,XEN,England,826,EN,XEN,England
378060,J. Belatti,Juan Pablo,,Belatti,1979-04-15,32,AR,ARG,Argentina,32,AR,ARG,Argentina
377267,D. Chiffi,Daniele,,Chiffi,1984-12-14,380,IT,ITA,Italy,380,IT,ITA,Italy
378218,C. de la Cruz,Cristian,,de la Cruz,,170,CO,COL,Colombia,170,CO,COL,Colombia
395076,Ramón Arias,Ramón,,Arias Madrid,1978-04-09,724,ES,ESP,Spain,724,ES,ESP,Spain
384923,Alberto Undiano,Alberto,,Undiano Mallenco,1973-10-08,724,ES,ESP,Spain,724,ES,ESP,Spain
395077,Sergio Usón,Sergio,,Usón Rosel,1983-12-26,724,ES,ESP,Spain,724,ES,ESP,Spain
385916,M. Jones,Mike,,Jones,1968-04-18,826,EN,XEN,England,826,EN,XEN,England
384975,G. Dobosz,Giulio,,Dobosz,,380,IT,ITA,Italy,380,IT,ITA,Italy
384954,A. Gautier,Antony,,Gautier,1977-11-19,250,FR,FRA,France,250,FR,FRA,France
395458,Juan Marmolejo,Juan José,,Marmolejo Martínez,,724,ES,ESP,Spain,724,ES,ESP,Spain
393613,M. Zappatore,Marco,,Zappatore,,380,IT,ITA,Italy,380,IT,ITA,Italy
388360,M. Pelgrim,Marcel,,Pelgrim,,276,DE,DEU,Germany,276,DE,DEU,Germany
379347,Juan Yuste,Juan Carlos,,Yuste Jiménez,1975-09-25,724,ES,ESP,Spain,724,ES,ESP,Spain
384806,A. Tudor,Alexandru Dan,,Tudor,1971-09-13,642,RO,ROU,Romania,642,RO,ROU,Romania
395302,Jerónimo Montes,Jerónimo,,Montes García Navas,1990-07-29,724,ES,ESP,Spain,724,ES,ESP,Spain
407503,R. Achik,Redouane,,Achik,1972-04-21,504,MA,MAR,Morocco,504,MA,MAR,Morocco
396643,M. Citro,Marco,,Citro,,380,IT,ITA,Italy,380,IT,ITA,Italy
395234,Álvaro López,Álvaro,,López Parra,1987-03-12,724,ES,ESP,Spain,724,ES,ESP,Spain
395091,José Naranjo,José Enrique,,Naranjo Pérez,,724,ES,ESP,Spain,724,ES,ESP,Spain
379890,C. Rockwell,Corey,,Rockwell,1974-02-26,840,US,USA,United States,840,US,USA,United States
384974,M. Tonolini,Mauro,,Tonolini,,380,IT,ITA,Italy,380,IT,ITA,Italy
384808,O. Șovre,Octavian,,Șovre,1973-07-19,642,RO,ROU,Romania,642,RO,ROU,Romania
379380,L. Stien,Laurent,,Stien,1973-11-17,250,FR,FRA,France,250,FR,FRA,France
385003,R. Vukan,Robert,,Vukan,,705,SI,SVN,Slovenia,705,SI,SVN,Slovenia
385469,S. Thielert,Sascha,,Thielert,1980-01-25,276,DE,DEU,Germany,276,DE,DEU,Germany
377264,G. Calvarese,Giampaolo,,Calvarese,1976-02-20,380,IT,ITA,Italy,380,IT,ITA,Italy
378113,P. González,Pablo,,González,,32,AR,ARG,Argentina,32,AR,ARG,Argentina
393636,S. Liberti,Stefano,,Liberti,,380,IT,ITA,Italy,380,IT,ITA,Italy
385909,M. Dean,Mike,,Dean,1968-06-02,826,EN,XEN,England,826,EN,XEN,England
384890,P. Kirkup,Peter James,,Kirkup,1970-08-22,826,EN,XEN,England,826,EN,XEN,England
385486,W. Lavis,William,,Lavis,1973-08-21,250,FR,FRA,France,250,FR,FRA,France
395092,Sergio Pérez,Sergio,,Pérez Muley,1983-06-15,724,ES,ESP,Spain,724,ES,ESP,Spain
378948,B. Millot,Benoît,,Millot,1982-01-10,250,FR,FRA,France,250,FR,FRA,France
407514,E. Samba,El Hadji Malick,,Samba,,686,SN,SEN,Senegal,686,SN,SEN,Senegal
395379,Albert Catalá,Albert,,Catalá Ferrán,1989-03-19,724,ES,ESP,Spain,724,ES,ESP,Spain
420559,Miguel García,Miguel,,García Aceña,1985-04-04,724,ES,ESP,Spain,724,ES,ESP,Spain
396780,M. Piccinini,Marco,,Piccinini,1983-09-29,380,IT,ITA,Italy,380,IT,ITA,Italy
385515,C. Dos Santos,Cédric,,Dos Santos,,250,FR,FRA,France,250,FR,FRA,France
385484,S. Jochem,Stéphane,,Jochem,1978-09-16,250,FR,FRA,France,250,FR,FRA,France
386732,M. Wilkes,Matthew,,Wilkes,,826,EN,XEN,England,826,EN,XEN,England
407519,Z. Siwela,Zakhele Thusi,,Siwela,,710,ZA,ZAF,South Africa,710,ZA,ZAF,South Africa
398923,Pablo González,Pablo,,González Fuertes,1980-06-08,724,ES,ESP,Spain,724,ES,ESP,Spain
384932,M. Mažić,Milorad,,Mažić,1973-03-23,688,RS,SRB,Serbia,688,RS,SRB,Serbia
384409,D. Wärnmark,Daniel,,Wärnmark,1974-12-30,752,SE,SWE,Sweden,752,SE,SWE,Sweden
398936,Rubén Becerril,Rubén,,Becerril Gómez,,724,ES,ESP,Spain,724,ES,ESP,Spain
383338,C. Dietz,Christian,,Dietz,1984-07-27,276,DE,DEU,Germany,276,DE,DEU,Germany
395101,Javier Martínez,Javier,,Martínez Nicolás,,724,ES,ESP,Spain,724,ES,ESP,Spain
394731,L. Rossi,Luigi,,Rossi,1982-07-27,380,IT,ITA,Italy,380,IT,ITA,Italy
378950,Alejandro Hernández,Alejandro José,,Hernández Hernández,1982-11-10,724,ES,ESP,Spain,724,ES,ESP,Spain
420679,Daniel Yuste,Daniel,,Yuste Querol,1986-05-30,724,ES,ESP,Spain,724,ES,ESP,Spain
411261,J. Birumushahu,Jean-Claude,,Birumushahu,1972-02-13,108,BI,BDI,Burundi,108,BI,BDI,Burundi
381475,J. Aguilar,Joel,,Aguilar,,558,NI,NIC,Nicaragua,558,NI,NIC,Nicaragua
379058,J. Brooks,John,,Brooks,,826,EN,XEN,England,826,EN,XEN,England
381936,C. Hatzidakis,Constantine,,Hatzidakis,,826,EN,XEN,England,826,EN,XEN,England
460924,Iván Pablo,Iván,,Pablo Gómez,,724,ES,ESP,Spain,724,ES,ESP,Spain
379587,S. Schärer,Sandro,,Schärer,1988-06-06,756,CH,CHE,Switzerland,756,CH,CHE,Switzerland
393462,M. Vernice,Mathieu,,Vernice,,250,FR,FRA,France,250,FR,FRA,France
377231,L. Banti,Luca,,Banti,1974-03-27,380,IT,ITA,Italy,380,IT,ITA,Italy
377242,L. Nasca,Luigi,,Nasca,1977-11-15,380,IT,ITA,Italy,380,IT,ITA,Italy
384963,Miguel Martínez,Miguel,,Martínez Munuera,,724,ES,ESP,Spain,724,ES,ESP,Spain
395221,Carlos Carbonell,Carlos Alberto,,Carbonell Hernández,1984-08-03,724,ES,ESP,Spain,724,ES,ESP,Spain
457041,M. Roeleveld,Marcel,,Roeleveld,,528,NL,NLD,Netherlands,528,NL,NLD,Netherlands
384933,H. Göçek,Hüseyin,,Göçek,1976-11-30,792,TR,TUR,Turkey,792,TR,TUR,Turkey
420812,Víctor García,Víctor,,García Verdura,1994-10-12,724,ES,ESP,Spain,724,ES,ESP,Spain
398935,César Noval,César Manuel,,Noval Font,,724,ES,ESP,Spain,724,ES,ESP,Spain
393614,L. Illuzzi,Lorenzo,,Illuzzi,1983-06-21,380,IT,ITA,Italy,380,IT,ITA,Italy
385913,A. Garratt,Andy,,Garratt,,826,EN,XEN,England,826,EN,XEN,England
381926,A. Costanzo,Alessandro,,Costanzo,,380,IT,ITA,Italy,380,IT,ITA,Italy
395307,Xabier Gómez,Xabier,,Gómez Landazábal,1988-02-25,724,ES,ESP,Spain,724,ES,ESP,Spain
407930,S. Lount,Simon,,Lount,,554,NZ,NZL,New Zealand,554,NZ,NZL,New Zealand
381867,S. Klossner,Stephan,,Klossner,1981-05-30,756,CH,CHE,Switzerland,756,CH,CHE,Switzerland
384900,T. Schiffner,Thorsten,,Schiffner,1975-05-14,276,DE,DEU,Germany,276,DE,DEU,Germany
393625,D. Di Iorio,Damiano,,Di Iorio,,380,IT,ITA,Italy,380,IT,ITA,Italy
378959,M. Passeri,Matteo,,Passeri,,380,IT,ITA,Italy,380,IT,ITA,Italy
395275,Jorge Díaz,Jorge,,Díaz Escudero,1985-01-16,724,ES,ESP,Spain,724,ES,ESP,Spain
395316,Sergio Espasandín,Sergio,,Espasandín Cores,1990-01-21,724,ES,ESP,Spain,724,ES,ESP,Spain
384987,S. Marciniak,Szymon,,Marciniak,1981-01-07,616,PL,POL,Poland,616,PL,POL,Poland
388418,R. Di Vuolo,Rodolfo,,Di Vuolo,,380,IT,ITA,Italy,380,IT,ITA,Italy
459927,M. Schmidt,Markus,,Schmidt,1973-08-31,276,DE,DEU,Germany,276,DE,DEU,Germany
385914,S. Hooper,Simon,,Hooper,,826,EN,XEN,England,826,EN,XEN,England
383351,A. Sather,Alexander,,Sather,,276,DE,DEU,Germany,276,DE,DEU,Germany
385492,S. Denis,Sébastien,,Denis,1975-05-24,250,FR,FRA,France,250,FR,FRA,France
398913,David Medié,David,,Medié Jiménez,1984-08-24,724,ES,ESP,Spain,724,ES,ESP,Spain
384978,S. Beck,Simon,,Beck,1972-05-15,826,EN,XEN,England,826,EN,XEN,England
396652,L. Gori,Lorenzo,,Gori,,380,IT,ITA,Italy,380,IT,ITA,Italy
381917,L. Betts,Lee,,Betts,,826,EN,XEN,England,826,EN,XEN,England
395393,Luis Montero,Luis Miguel,,Montero de Lerma,1991-07-15,724,ES,ESP,Spain,724,ES,ESP,Spain
395059,José Gallego,José,,Gallego García,1976-08-17,724,ES,ESP,Spain,724,ES,ESP,Spain
388409,S. Ranghetti,Sergio,,Ranghetti,,380,IT,ITA,Italy,380,IT,ITA,Italy
380103,R. Sato,Ryuji,,Sato,1977-04-16,392,JP,JPN,Japan,392,JP,JPN,Japan
395274,Salvador Lax,Salvador,,Lax Franco,1991-01-22,724,ES,ESP,Spain,724,ES,ESP,Spain
393557,C. Carbone,Ciro,,Carbone,,380,IT,ITA,Italy,380,IT,ITA,Italy
381873,J. Pacelli,Julien,,Pacelli,,250,FR,FRA,France,250,FR,FRA,France
395078,Ricardo De Burgos,Ricardo,,De Burgos Bengoetxea,1986-03-16,724,ES,ESP,Spain,724,ES,ESP,Spain
383187,V. Toth,Vencel,,Toth,1978-03-24,348,HU,HUN,Hungary,348,HU,HUN,Hungary
385554,F. Heft,Florian,,Heft,1990-01-03,276,DE,DEU,Germany,276,DE,DEU,Germany
385508,Y. Boutry,Yannick,,Boutry,,250,FR,FRA,France,250,FR,FRA,France
395171,Alexandre Alemán,Alexandre,,Alemán Pérez,1987-06-07,724,ES,ESP,Spain,724,ES,ESP,Spain
385543,M. Schüller,Markus,,Schüller,1981-07-31,276,DE,DEU,Germany,276,DE,DEU,Germany
381841,C. Gringore,Cyril,,Gringore,,250,FR,FRA,France,250,FR,FRA,France
384373,J. Eriksson,Jonas,,Eriksson,1974-03-28,752,SE,SWE,Sweden,752,SE,SWE,Sweden
395167,Javier Iglesias,Javier,,Iglesias Villanueva,1983-04-23,724,ES,ESP,Spain,724,ES,ESP,Spain
378256,A. Kulbakov,Aliaksei,,Kulbakov,1979-12-27,112,BY,BLR,Belarus,112,BY,BLR,Belarus
456293,Jerson dos Santos,Jerson Emiliano,,dos Santos,1983-05-01,24,AO,AGO,Angola,24,AO,AGO,Angola
380597,R. Irmatov,Ravshan,,Irmatov,1977-08-09,860,UZ,UZB,Uzbekistan,860,UZ,UZB,Uzbekistan
485237,M. Bresmes,Marco,,Bresmes,,380,IT,ITA,Italy,380,IT,ITA,Italy
459601,M. Lombardi,Michele,,Lombardi,,380,IT,ITA,Italy,380,IT,ITA,Italy
420944,Carlos Fernández,Carlos,,Fernández Buergo,1994-12-20,724,ES,ESP,Spain,724,ES,ESP,Spain
379916,J. Mora,Juan Carlos,,Mora,,188,CR,CRI,Costa Rica,188,CR,CRI,Costa Rica
385521,B. Pages,Benjamin,,Pages,,250,FR,FRA,France,250,FR,FRA,France
384960,S. Child,Stephen,,Child,1973-08-21,826,EN,XEN,England,826,EN,XEN,England
385525,R. Galibert,Romain,,Galibert,,250,FR,FRA,France,250,FR,FRA,France
384916,N. Golubev,Nikolay,,Golubev,1970-11-09,643,RU,RUS,Russia,643,RU,RUS,Russia
386325,K. Abed,Karim,,Abed,,250,FR,FRA,France,250,FR,FRA,France
380581,Nawaf Shukralla,Nawaf Abdulla,,Ghayyath Shukralla,1976-10-13,48,BH,BHR,Bahrain,48,BH,BHR,Bahrain
379140,R. Montero,Ricardo,,Montero,,188,CR,CRI,Costa Rica,188,CR,CRI,Costa Rica
518515,A. Cipressa,Alessandro,,Cipressa,,380,IT,ITA,Italy,380,IT,ITA,Italy
390509,T. Harrington,Tony,,Harrington,,826,EN,XEN,England,826,EN,XEN,England
378145,Marcelo Van Gasse,Marcelo,,Carvalho Van Gasse,1976-03-09,76,BR,BRA,Brazil,76,BR,BRA,Brazil
459981,Samir Amar,Samir,,Amar Ahmed,1993-06-14,724,ES,ESP,Spain,724,ES,ESP,Spain
383498,G. Schenone,Giorgio,,Schenone,,380,IT,ITA,Italy,380,IT,ITA,Italy
396654,G. Baccini,Giovanni,,Baccini,,380,IT,ITA,Italy,380,IT,ITA,Italy
495428,A. Santoro,Antonio,,Santoro,,380,IT,ITA,Italy,0,,,
381822,G. Ring,Gyorgy,,Ring,1981-03-18,348,HU,HUN,Hungary,348,HU,HUN,Hungary
381829,T. Kalugin,Tikhon,,Kalugin,1974-12-03,643,RU,RUS,Russia,643,RU,RUS,Russia
383901,M. Hacker,Markus,,Hacker,1974-04-17,276,DE,DEU,Germany,276,DE,DEU,Germany
377248,P. Giacomelli,Piero,,Giacomelli,1977-11-06,380,IT,ITA,Italy,380,IT,ITA,Italy
378957,B. Dankert,Bastian,,Dankert,1980-06-09,276,DE,DEU,Germany,276,DE,DEU,Germany
384936,M. Gräfe,Manuel,,Gräfe,1973-09-21,276,DE,DEU,Germany,276,DE,DEU,Germany
395295,Iván Caparrós,Iván,,Caparrós Hernández,1990-05-02,724,ES,ESP,Spain,724,ES,ESP,Spain
395086,Francisco Hernández,Francisco José,,Hernández Maeso,1988-08-31,56,BE,BEL,Belgium,724,ES,ESP,Spain
388346,G. Paradis,Guillaume,,Paradis,,250,FR,FRA,France,250,FR,FRA,France
393620,D. Martinelli,Daniele,,Martinelli,1983-11-04,380,IT,ITA,Italy,380,IT,ITA,Italy
420564,Manuel García,José Manuel,,García Gómez,1991-01-21,724,ES,ESP,Spain,724,ES,ESP,Spain
385549,T. Siewer,Thorben,,Siewer,1987-07-05,276,DE,DEU,Germany,276,DE,DEU,Germany
378169,W. Roldán,Wilmar Alexander,,Roldán Pérez,1980-01-24,170,CO,COL,Colombia,170,CO,COL,Colombia
385793,D. Zitouni,Djemel,,Zitouni,,250,FR,FRA,France,250,FR,FRA,France
380666,M. Mansouri,Mohammad Reza,,Mansouri,,364,IR,IRN,Iran,364,IR,IRN,Iran
383891,T. Gorniak,Thomas,,Gorniak,1980-07-25,276,DE,DEU,Germany,276,DE,DEU,Germany
383201,I. Hussin,Ian,,Hussin,,826,EN,XEN,England,826,EN,XEN,England
392649,F. Connor,Frank,,Connor,,1002,SC,XSC,Scotland,1002,SC,XSC,Scotland
388407,F. Meli,Filippo,,Meli,,380,IT,ITA,Italy,380,IT,ITA,Italy
395089,Óscar Sauleda,Óscar,,Sauleda Torrent,1984-11-13,724,ES,ESP,Spain,724,ES,ESP,Spain
383361,F. Badstübner,Florian,,Badstübner,,276,DE,DEU,Germany,276,DE,DEU,Germany
388365,J. Neitzel,Jan Clemens,,Neitzel,,276,DE,DEU,Germany,276,DE,DEU,Germany
385720,A. Madley,Andy,,Madley,,826,EN,XEN,England,826,EN,XEN,England
377265,D. Minelli,Daniele,,Minelli,1982-07-09,380,IT,ITA,Italy,380,IT,ITA,Italy
377255,E. Abbattista,Eugenio,,Abbattista,1982-12-28,380,IT,ITA,Italy,380,IT,ITA,Italy
385536,J. Pignard,Jérémie,,Pignard,,250,FR,FRA,France,250,FR,FRA,France
384925,Roberto Alonso,Roberto,,Alonso Fernández,1976-09-18,724,ES,ESP,Spain,724,ES,ESP,Spain
383960,Taleb Salem Al Marri,Taleb Salem,,Al Marri,,634,QA,QAT,Qatar,634,QA,QAT,Qatar
385539,W. Delajod,Willy,,Delajod,,250,FR,FRA,France,250,FR,FRA,France
388417,A. Lo Cicero,Alessandro,,Lo Cicero,,380,IT,ITA,Italy,380,IT,ITA,Italy
384957,David Fernández,David,,Fernández Borbalan,1973-05-30,724,ES,ESP,Spain,724,ES,ESP,Spain
381848,N. Rainville,Nicolas,,Rainville,1982-03-18,250,FR,FRA,France,250,FR,FRA,France
377249,G. Aureliano,Gianluca,,Aureliano,1980-02-29,380,IT,ITA,Italy,380,IT,ITA,Italy
378976,A. Delerue,Amaury,,Delerue,1977-06-06,250,FR,FRA,France,250,FR,FRA,France
381877,S. Burt,Stuart,,Burt,,826,EN,XEN,England,826,EN,XEN,England
380642,R. Sokhandan,Reza Ebrahim,,Sokhandan,1974-01-24,364,IR,IRN,Iran,364,IR,IRN,Iran
395822,M. Abid Charef,Mehdi,,Abid Charef,,12,DZ,DZA,Algeria,12,DZ,DZA,Algeria
407813,T. Bamlak,Tessema Weyesa,,Bamlak,1980-12-30,231,ET,ETH,Ethiopia,231,ET,ETH,Ethiopia
394726,F. Fourneau,Francesco,,Fourneau,1984-07-11,380,IT,ITA,Italy,380,IT,ITA,Italy
385472,C. Bandurski,Christian,,Bandurski,1982-12-22,276,DE,DEU,Germany,276,DE,DEU,Germany
395254,José Gallego Gambín,José Joaquín,,Gallego Gambín,1987-01-20,724,ES,ESP,Spain,724,ES,ESP,Spain
378955,E. Beitinger,Eduard,,Beitinger,1983-11-01,276,DE,DEU,Germany,276,DE,DEU,Germany
377206,G. Rocchi,Gianluca,,Rocchi,1973-08-25,380,IT,ITA,Italy,380,IT,ITA,Italy
395074,Pedro Sureda,Pedro,,Sureda Cuenca,1979-10-21,724,ES,ESP,Spain,724,ES,ESP,Spain
385710,K. Stroud,Keith,,Stroud,,826,EN,XEN,England,826,EN,XEN,England
377228,D. Orsato,Daniele,,Orsato,1975-11-23,380,IT,ITA,Italy,380,IT,ITA,Italy
377251,M. Mariani,Maurizio,,Mariani,1982-02-25,380,IT,ITA,Italy,380,IT,ITA,Italy
381847,M. Lesage,Mikael,,Lesage,1975-01-19,250,FR,FRA,France,250,FR,FRA,France
456654,T. Makasini,Tevita,,Makasini,1976-11-26,776,TO,TON,Tonga,776,TO,TON,Tonga
384986,A. Viala,Alexandre,,Viala,1975-05-01,250,FR,FRA,France,250,FR,FRA,France
383895,A. Blos,Arno,,Blos,1979-05-03,276,DE,DEU,Germany,276,DE,DEU,Germany
395103,Iker De Francisco,Iker,,De Francisco Grijalba,,724,ES,ESP,Spain,724,ES,ESP,Spain
395311,Alejandro Sánchez,Alejandro,,Sánchez Alba,1990-02-03,724,ES,ESP,Spain,724,ES,ESP,Spain
387968,Francisco Martín,Francisco Javier,,Martín García,,724,ES,ESP,Spain,724,ES,ESP,Spain
378204,Sandro Ricci,Sandro,,Meira Ricci,1974-11-19,76,BR,BRA,Brazil,76,BR,BRA,Brazil
395107,Ibai Rezola,Ibai,,Rezola Etxeberría,1991-08-10,724,ES,ESP,Spain,724,ES,ESP,Spain
381595,J. Marrufo,Jair,,Marrufo,1977-06-17,840,US,USA,United States,840,US,USA,United States
390533,N. Grudzinski,Norbert,,Grudzinski,1977-05-12,276,DE,DEU,Germany,276,DE,DEU,Germany
379381,S. Moreira,Sébastien,,Moreira,1977-05-27,250,FR,FRA,France,250,FR,FRA,France
398961,José Alcoba,José,,Alcoba Rodríguez,,724,ES,ESP,Spain,724,ES,ESP,Spain
395102,Aitor Villate,Aitor,,Villate Martínez,,724,ES,ESP,Spain,724,ES,ESP,Spain
377260,F. Paolo Saia,Francesco,,Paolo Saia,1985-02-05,380,IT,ITA,Italy,380,IT,ITA,Italy
395176,Raúl Chavet,Raúl,,Chavet García,1980-12-14,724,ES,ESP,Spain,724,ES,ESP,Spain
381481,F. Anderson,Frank,,Anderson,1975-11-11,840,US,USA,United States,840,US,USA,United States
379443,R. Madley,Robert,,Madley,1985-10-06,826,EN,XEN,England,826,EN,XEN,England
386027,J. Linington,James,,Linington,,826,EN,XEN,England,826,EN,XEN,England
380659,Mohamed Ahmed Yousuf Al Hammadi,Mohamed Ahmed Yousuf,,Al Hammadi,,784,AE,ARE,United Arab Emirates,784,AE,ARE,United Arab Emirates
377254,C. Gavillucci,Claudio,,Gavillucci,1979-08-03,380,IT,ITA,Italy,380,IT,ITA,Italy
386718,A. Nunn,Adam,,Nunn,,826,EN,XEN,England,826,EN,XEN,England
398931,José Munuera,José Luis,,Munuera Montero,1984-05-19,724,ES,ESP,Spain,724,ES,ESP,Spain
395372,Pere Barceló,Pere,,Barceló Roca,1984-05-15,724,ES,ESP,Spain,724,ES,ESP,Spain
380638,Mohammed Abdulla Hassan Mohammed,Mohammed Abdulla Hassan,,Mohammed,,784,AE,ARE,United Arab Emirates,784,AE,ARE,United Arab Emirates
460026,S. Desiage,Sébastien,,Desiage,1974-02-04,250,FR,FRA,France,250,FR,FRA,France
385489,F. Aubin,Floris,,Aubin,1978-09-18,250,FR,FRA,France,250,FR,FRA,France
385496,T. Léonard,Thomas,,Léonard,1981-08-28,250,FR,FRA,France,250,FR,FRA,France
377247,D. Massa,Davide,,Massa,1981-07-15,380,IT,ITA,Italy,380,IT,ITA,Italy
393634,A. Balice,Antonello,,Balice,1984-09-17,380,IT,ITA,Italy,380,IT,ITA,Italy
383893,T. Gerach,Timo,,Gerach,1986-11-30,276,DE,DEU,Germany,276,DE,DEU,Germany
383490,R. Hartmann,Robert,,Hartmann,1979-09-08,276,DE,DEU,Germany,276,DE,DEU,Germany
385718,D. Coote,David,,Coote,,826,EN,XEN,England,826,EN,XEN,England
384929,E. Zeinstra,Erwin,,Zeinstra,1977-01-31,528,NL,NLD,Netherlands,528,NL,NLD,Netherlands
398919,Daniel Trujillo,Daniel Jesús,,Trujillo Suárez,1983-01-15,724,ES,ESP,Spain,724,ES,ESP,Spain
395235,Ricardo Escudero,Ricardo,,Escudero Marín,1984-11-25,724,ES,ESP,Spain,724,ES,ESP,Spain
395391,Francisco Sáez,Francisco,,Sáez Vital,1985-10-23,724,ES,ESP,Spain,724,ES,ESP,Spain
420863,Francisco Alonso,Francisco David,,Alonso Ramírez,,724,ES,ESP,Spain,724,ES,ESP,Spain
384894,S. Lannoy,Stéphane,,Lannoy,1969-09-18,250,FR,FRA,France,250,FR,FRA,France
398956,Iñigo Prieto,Iñigo,,Prieto López de Ceraín,,724,ES,ESP,Spain,724,ES,ESP,Spain
378240,J. Zorrilla,Juan,,Zorrilla,,600,PY,PRY,Paraguay,600,PY,PRY,Paraguay
380885,J. Zumba,Juan Francisco,,Zumba,1982-09-19,222,SV,SLV,El Salvador,222,SV,SLV,El Salvador
378970,M. Petersen,Martin,,Petersen,1985-02-28,276,DE,DEU,Germany,276,DE,DEU,Germany
383061,P. Kralovec,Pavel,,Kralovec,1977-08-16,203,CZ,CZE,Czech Republic,203,CZ,CZE,Czech Republic
381927,Jesús Gil,Jesús,,Gil Manzano,1984-02-04,724,ES,ESP,Spain,724,ES,ESP,Spain
384981,T. Listkiewicz,Tomasz,,Listkiewicz,,616,PL,POL,Poland,616,PL,POL,Poland
381878,P. Jeanne,Philippe,,Jeanne,1980-11-11,250,FR,FRA,France,250,FR,FRA,France
395250,Aimar Velasco,Aimar,,Velasco Arbaiza,1988-11-18,724,ES,ESP,Spain,724,ES,ESP,Spain
385551,R. Schröder,Robert,,Schröder,1985-09-14,276,DE,DEU,Germany,276,DE,DEU,Germany
395067,Sebastián Ripoll,Sebastián,,Ripoll Solano,1979-01-28,724,ES,ESP,Spain,724,ES,ESP,Spain
377210,P. Tagliavento,Paolo,,Tagliavento,1972-09-19,380,IT,ITA,Italy,380,IT,ITA,Italy
393592,V. Mastrodonato,Vito,,Mastrodonato,,380,IT,ITA,Italy,380,IT,ITA,Italy
395072,Alfonso Costoya,Alfonso,,Costoya Rodríguez,,724,ES,ESP,Spain,724,ES,ESP,Spain
395257,Guillermo Conejero,Guillermo,,Conejero Sánchez,1988-07-25,724,ES,ESP,Spain,724,ES,ESP,Spain
393622,M. Serra,Marco,,Serra,1982-09-09,380,IT,ITA,Italy,380,IT,ITA,Italy
378956,R. Foltyn,Rafael,,Foltyn,1985-06-21,276,DE,DEU,Germany,276,DE,DEU,Germany
388408,G. Tasso,Gianmattia,,Tasso,,380,IT,ITA,Italy,380,IT,ITA,Italy
395084,Fernando Román,Fernando,,Román Román,1988-02-23,724,ES,ESP,Spain,724,ES,ESP,Spain
384148,M. Hernández,Miguel Ángel,,Hernández Paredes,1977-06-18,484,MX,MEX,Mexico,484,MX,MEX,Mexico
407714,R. Delpech,Romain,,Delpech,1979-12-21,250,FR,FRA,France,250,FR,FRA,France
384926,P. Sokolnicki,Pawel,,Sokolnicki,,616,PL,POL,Poland,616,PL,POL,Poland
393638,M. Bottegoni,Matteo,,Bottegoni,,380,IT,ITA,Italy,380,IT,ITA,Italy
385494,A. Castro,Alexandre,,Castro,1970-12-10,250,FR,FRA,France,250,FR,FRA,France
396811,C. Mouysset,Christophe,,Mouysset,,250,FR,FRA,France,250,FR,FRA,France
384945,R. Di Fiore,Riccardo,,Di Fiore,,380,IT,ITA,Italy,380,IT,ITA,Italy
388406,G. Peretti,Giorgio,,Peretti,,380,IT,ITA,Italy,380,IT,ITA,Italy
381861,C. Rocca,Claudio La,,Rocca,,380,IT,ITA,Italy,380,IT,ITA,Italy
395090,Ángel Hernández,Ángel,,Hernández Lorenzo,1985-11-19,724,ES,ESP,Spain,724,ES,ESP,Spain
381852,L. Probert,Lee,,Probert,1972-08-13,826,EN,XEN,England,826,EN,XEN,England
384893,T. Chapron,Tony,,Chapron,1972-04-23,250,FR,FRA,France,250,FR,FRA,France
385737,C. Kavanagh,Chris,,Kavanagh,,826,EN,XEN,England,826,EN,XEN,England
387280,B. Kempkes,Benedikt,,Kempkes,,276,DE,DEU,Germany,276,DE,DEU,Germany
378952,A. Taylor,Anthony,,Taylor,1978-10-20,826,EN,XEN,England,826,EN,XEN,England
563351,J. Martinez Munuera,Juan,,Martinez Munuera,,724,ES,ESP,Spain,724,ES,ESP,Spain
385801,J. Miguelgorry,Jérôme,,Miguelgorry,1976-05-22,250,FR,FRA,France,250,FR,FRA,France
379385,H. Henschel,Holger,,Henschel,1972-12-27,276,DE,DEU,Germany,276,DE,DEU,Germany
385796,H. Ben El Hadj,Hakim,,Ben El Hadj,1978-05-30,250,FR,FRA,France,250,FR,FRA,France
398952,José Escuela,José Carlos,,Escuela Melo,,724,ES,ESP,Spain,724,ES,ESP,Spain
395094,Abraham Domínguez,Abraham,,Domínguez Cervantes,1986-10-12,724,ES,ESP,Spain,724,ES,ESP,Spain
385920,S. Ledger,Scott,,Ledger,,826,EN,XEN,England,826,EN,XEN,England
393631,A. Tolfo,Alessio,,Tolfo,,380,IT,ITA,Italy,380,IT,ITA,Italy
396642,S. Giovane,Stefano,,Del Giovane,1977-11-03,380,IT,ITA,Italy,380,IT,ITA,Italy
420952,B. Dechepy,Bastien,,Dechepy,,250,FR,FRA,France,250,FR,FRA,France
385529,J. Brisard,Jérôme,,Brisard,1986-03-24,250,FR,FRA,France,250,FR,FRA,France
393627,N. Pagliardini,Niccolò,,Pagliardini,,380,IT,ITA,Italy,380,IT,ITA,Italy
395363,José Sánchez,José Antonio,,Sánchez Villalobos,1991-07-06,724,ES,ESP,Spain,724,ES,ESP,Spain
384988,J. Collin,Jake,,Collin,,826,EN,XEN,England,826,EN,XEN,England
395079,Alfonso Vicente,Alfonso,,Vicente Moral,1983-04-05,724,ES,ESP,Spain,724,ES,ESP,Spain
378126,M. Espinosa,Mauricio,,Espinosa Rodríguez,1972-05-06,858,UY,URY,Uruguay,858,UY,URY,Uruguay
396641,D. Bindoni,Daniele,,Bindoni,,380,IT,ITA,Italy,380,IT,ITA,Italy
395194,Antonio Monter,Antonio,,Monter Soláns,1987-10-16,724,ES,ESP,Spain,724,ES,ESP,Spain
395305,Julio Mena,Julio,,Mena Gimeno,1985-12-18,724,ES,ESP,Spain,724,ES,ESP,Spain
395309,Óscar Martínez,Óscar,,Martínez Santos,1985-08-05,724,ES,ESP,Spain,724,ES,ESP,Spain
396639,S. Bellutti,Stefano,,Bellutti,,380,IT,ITA,Italy,380,IT,ITA,Italy
384959,G. Kleve,Guido,,Kleve,1976-10-17,276,DE,DEU,Germany,276,DE,DEU,Germany
385741,D. Cook,Daniel,,Cook,,826,EN,XEN,England,826,EN,XEN,England
379753,K. Haglund,Kim,,Haglund,1977-05-27,578,NO,NOR,Norway,578,NO,NOR,Norway
385528,F. Letexier,François,,Letexier,,250,FR,FRA,France,250,FR,FRA,France
385498,A. Perreau Niel,Alexandre,,Perreau Niel,1983-02-15,250,FR,FRA,France,250,FR,FRA,France
377263,F. Maresca,Fabio,,Maresca,1981-04-12,380,IT,ITA,Italy,380,IT,ITA,Italy
84796,S. Gheorghe,Sebastian Eugen,,Gheorghe,1976-03-07,642,RO,ROU,Romania,642,RO,ROU,Romania
386030,S. Martin,Steve,,Martin,,826,EN,XEN,England,826,EN,XEN,England
395073,Óscar Herrero,Óscar,,Herrero Arenas,1978-03-20,724,ES,ESP,Spain,724,ES,ESP,Spain
385922,D. Eaton,Derek,,Eaton,,826,EN,XEN,England,826,EN,XEN,England
395162,Antonio Santos,Antonio,,Santos Pargaña,1980-10-14,724,ES,ESP,Spain,724,ES,ESP,Spain
393559,F. Valeriani,Filippo,,Valeriani,,380,IT,ITA,Italy,380,IT,ITA,Italy
383899,D. Schlager,Daniel,,Schlager,1989-12-08,276,DE,DEU,Germany,276,DE,DEU,Germany
393594,A. Giua,Antonio,,Giua,1988-03-11,380,IT,ITA,Italy,380,IT,ITA,Italy
383339,T. Stein,Thomas,,Stein,1982-04-21,276,DE,DEU,Germany,276,DE,DEU,Germany
384950,B. Duran,Bahattin,,Duran,1975-09-26,792,TR,TUR,Turkey,792,TR,TUR,Turkey
379749,S. Moen,Svein Oddvar,,Moen,1979-01-22,578,NO,NOR,Norway,578,NO,NOR,Norway
378243,E. Cardozo,Eduardo,,Cardozo,,600,PY,PRY,Paraguay,600,PY,PRY,Paraguay
384942,Marcos Álvarez,Marcos,,Álvarez Moreno,,724,ES,ESP,Spain,724,ES,ESP,Spain
384909,S. van Roekel,Sander,,van Roekel,1974-03-28,528,NL,NLD,Netherlands,528,NL,NLD,Netherlands
384999,A. Marrazzo,Alfonso,,Marrazzo,,380,IT,ITA,Italy,380,IT,ITA,Italy
420829,Alberto Lou,Alberto,,Lou Ballano,1992-09-22,724,ES,ESP,Spain,724,ES,ESP,Spain
395184,David Gálvez,David,,Gálvez Rascón,1981-08-25,724,ES,ESP,Spain,724,ES,ESP,Spain
395097,Antonio Artacho,Antonio,,Artacho Cobo,1987-03-15,724,ES,ESP,Spain,724,ES,ESP,Spain
381840,M. Fritz,Marco,,Fritz,1977-10-03,276,DE,DEU,Germany,276,DE,DEU,Germany
380884,M. Geiger,Mark,,Geiger,1974-08-25,840,US,USA,United States,840,US,USA,United States
385792,F. Haquette,Frédéric,,Haquette,1975-08-15,250,FR,FRA,France,250,FR,FRA,France
384888,M. Atkinson,Martin,,Atkinson,1971-03-31,826,EN,XEN,England,826,EN,XEN,England
378945,D. Siebert,Daniel,,Siebert,1984-05-04,276,DE,DEU,Germany,276,DE,DEU,Germany
395068,Julio Leo,Julio Fermín,,Leo Ollo,1979-10-16,724,ES,ESP,Spain,724,ES,ESP,Spain
377211,P. van Boekel,Pol,,van Boekel,1975-09-19,528,NL,NLD,Netherlands,528,NL,NLD,Netherlands
385798,J. Aube,Julien,,Aube,1986-05-08,250,FR,FRA,France,250,FR,FRA,France
420991,G. Opromolla,Giuseppe,,Opromolla,,380,IT,ITA,Italy,380,IT,ITA,Italy
381846,E. Danizan,Eric,,Danizan,1979-02-26,250,FR,FRA,France,250,FR,FRA,France
379474,Eduardo Prieto,Eduardo,,Prieto Iglesias,1981-05-17,724,ES,ESP,Spain,724,ES,ESP,Spain
380657,Hassan Suqatari Al Mahri,Hassan Mohammed Hassan Abdullah,,Suqatari Al Mahri,,784,AE,ARE,United Arab Emirates,784,AE,ARE,United Arab Emirates
393616,A. Tardino,Andrea,,Tardino,1984-02-02,380,IT,ITA,Italy,380,IT,ITA,Italy
384993,Roberto Díaz,Roberto,,Díaz Pérez Del Palomar,1976-04-29,724,ES,ESP,Spain,724,ES,ESP,Spain
395248,Pedro Muñoz,Pedro Eugenio,,Muñoz Piedra,1983-12-13,724,ES,ESP,Spain,724,ES,ESP,Spain
395106,Joan Méndez,Joan,,Méndez Mateo,,724,ES,ESP,Spain,724,ES,ESP,Spain
381851,J. Moss,Jonathan,,Moss,1970-10-18,826,EN,XEN,England,826,EN,XEN,England
384921,D. Skomina,Damir,,Skomina,1976-08-05,705,SI,SVN,Slovenia,705,SI,SVN,Slovenia
386746,D. Robathan,Daniel,,Robathan,,826,EN,XEN,England,826,EN,XEN,England
377241,M. Guida,Marco,,Guida,1981-06-07,380,IT,ITA,Italy,380,IT,ITA,Italy
385001,A. Sidiropoulos,Anastasios,,Sidiropoulos,1979-08-09,300,GR,GRC,Greece,300,GR,GRC,Greece
395215,Germán Cid,Germán,,Cid Camacho,1987-07-17,724,ES,ESP,Spain,724,ES,ESP,Spain
385006,D. England,Darren,,England,,826,EN,XEN,England,826,EN,XEN,England
385704,K. Friend,Kevin,,Friend,1971-07-08,826,EN,XEN,England,826,EN,XEN,England
384350,R. Slysko,Roman,,Slysko,1973-08-04,703,SK,SVK,Slovakia,703,SK,SVK,Slovakia
396660,E. Caliari,Enrico,,Caliari,,380,IT,ITA,Italy,380,IT,ITA,Italy
378151,J. Bascuñán,Julio,,Bascuñán González,1978-06-11,152,CL,CHL,Chile,152,CL,CHL,Chile
383900,T. Reichel,Tobias,,Reichel,,276,DE,DEU,Germany,276,DE,DEU,Germany
379052,B. Zogaj,Bekim,,Zogaj,1979-09-28,756,CH,CHE,Switzerland,756,CH,CHE,Switzerland
392689,César García,César,,García Fernández,,724,ES,ESP,Spain,724,ES,ESP,Spain
383481,M. Pickel,Mike,,Pickel,1975-04-08,276,DE,DEU,Germany,276,DE,DEU,Germany
407732,D. Camara,Djibril,,Camara,1983-08-20,686,SN,SEN,Senegal,686,SN,SEN,Senegal
385005,G. Beswick,Gary,,Beswick,,826,EN,XEN,England,826,EN,XEN,England
393555,Pablo Fernández,Pablo,,Fernández Pérez,1982-07-10,724,ES,ESP,Spain,724,ES,ESP,Spain
385962,G. Eltringham,Geoff,,Eltringham,,826,EN,XEN,England,826,EN,XEN,England
385999,R. Ellis,Robert Massey,,Ellis,,826,EN,XEN,England,826,EN,XEN,England
396656,A. Santoro,Alberto,,Santoro,,380,IT,ITA,Italy,380,IT,ITA,Italy
384924,Carlos Velasco,Carlos,,Velasco Carballo,1971-03-16,724,ES,ESP,Spain,724,ES,ESP,Spain
377268,D. Ghersini,Davide,,Ghersini,1985-04-09,380,IT,ITA,Italy,380,IT,ITA,Italy
385912,S. Attwell,Stuart,,Attwell,1982-10-06,826,EN,XEN,England,826,EN,XEN,England
387272,R. Kampka,Robert,,Kampka,1982-02-21,276,DE,DEU,Germany,276,DE,DEU,Germany
395192,Juan Campos,Juan Antonio,,Campos Salinas,1989-10-16,724,ES,ESP,Spain,724,ES,ESP,Spain
420996,José Martínez,José Luis,,Martínez Serrato,,724,ES,ESP,Spain,724,ES,ESP,Spain
395342,Carlos Calderiña,Carlos,,Calderiña Pavón,,724,ES,ESP,Spain,724,ES,ESP,Spain
395298,Juan Peña,Juan,,Peña Varela,1985-04-30,724,ES,ESP,Spain,724,ES,ESP,Spain
384947,Raúl Cabañero,Raúl,,Cabañero Martínez,,724,ES,ESP,Spain,724,ES,ESP,Spain
377270,J. Sacchi,Juan Luca,,Sacchi,1984-10-13,380,IT,ITA,Italy,380,IT,ITA,Italy
395081,Jorge Bueno,Jorge,,Bueno Mateo,,724,ES,ESP,Spain,724,ES,ESP,Spain
395238,David Recio,David,,Recio Moreno,1989-07-29,724,ES,ESP,Spain,724,ES,ESP,Spain
377243,A. Di Paolo,Aleandro,,Di Paolo ,1977-10-21,380,IT,ITA,Italy,380,IT,ITA,Italy
395064,Ignacio Rubio,Ignacio,,Rubio Palomino,,724,ES,ESP,Spain,724,ES,ESP,Spain
420618,Pablo Brea,Pablo,,Brea Peón,1982-11-11,724,ES,ESP,Spain,724,ES,ESP,Spain
384990,B. Madden,Bobby,,Madden,,1002,SC,XSC,Scotland,1002,SC,XSC,Scotland
385921,M. Perry,Marc,,Perry,,826,EN,XEN,England,826,EN,XEN,England
398945,Javier Alberola,Javier,,Alberola Rojas,1991-06-22,724,ES,ESP,Spain,724,ES,ESP,Spain
379038,A. Crispo,Andrea,,Crispo,,380,IT,ITA,Italy,380,IT,ITA,Italy
386623,A. Davies,Andy,,Davies,,826,EN,XEN,England,826,EN,XEN,England
380616,J. Saidov,Jakhongir,,Saidov,,860,UZ,UZB,Uzbekistan,860,UZ,UZB,Uzbekistan
395093,Rubén Ávalos,Rubén,,Ávalos Barrera,1987-09-12,724,ES,ESP,Spain,724,ES,ESP,Spain
377252,M. Fabbri,Michael,,Fabbri,1983-12-08,380,IT,ITA,Italy,380,IT,ITA,Italy
396655,D. Cecconi,Dario,,Cecconi,,380,IT,ITA,Italy,380,IT,ITA,Italy
517393,M. Scatragli,Marco,,Scatragli,,380,IT,ITA,Italy,380,IT,ITA,Italy
383185,V. Kassai,Viktor,,Kassai,1975-09-10,348,HU,HUN,Hungary,348,HU,HUN,Hungary
395486,Marcos Cerdán,Marcos,,Cerdán Aguilar,,724,ES,ESP,Spain,724,ES,ESP,Spain
384953,R. Buquet,Ruddy,,Buquet,1977-01-29,250,FR,FRA,France,250,FR,FRA,France
378947,S. Luzi,Stephan,,Luzi,1974-12-18,250,FR,FRA,France,250,FR,FRA,France
419657,M. Sinn,Markus,,Sinn,1979-02-02,276,DE,DEU,Germany,276,DE,DEU,Germany
393591,G. Luciano,Giovanni,,Luciano,,380,IT,ITA,Italy,380,IT,ITA,Italy
378212,E. Cáceres,Enrique,,Cáceres,,600,PY,PRY,Paraguay,600,PY,PRY,Paraguay
395354,Alejandro Muñiz,Alejandro,,Muñíz Ruiz,1991-05-24,724,ES,ESP,Spain,724,ES,ESP,Spain
383889,C. Fischer,Christian,,Fischer,1970-08-04,276,DE,DEU,Germany,276,DE,DEU,Germany
388411,F. Posado,Fabrizio,,Posado,,380,IT,ITA,Italy,380,IT,ITA,Italy
420995,Mario Melero,Mario,,Melero López,1979-07-02,724,ES,ESP,Spain,724,ES,ESP,Spain
393628,E. Prenna,Emanuele,,Prenna,,380,IT,ITA,Italy,380,IT,ITA,Italy
420665,Daniel Palencia,Daniel,,Palencia Caballero,1992-01-30,724,ES,ESP,Spain,724,ES,ESP,Spain
385013,J. Praprotnik,Jure,,Praprotnik,,705,SI,SVN,Slovenia,705,SI,SVN,Slovenia
395062,José González,José Luis,,González González,1974-09-06,724,ES,ESP,Spain,724,ES,ESP,Spain
395210,Raúl González,Raúl Martín,,González Francés,1988-10-11,724,ES,ESP,Spain,724,ES,ESP,Spain
388345,R. Landry,Remi,,Landry,,250,FR,FRA,France,250,FR,FRA,France
385509,F. Boudikian,François,,Boudikian,,250,FR,FRA,France,250,FR,FRA,France
383884,M. Borsch,Mark,,Borsch,1977-03-16,276,DE,DEU,Germany,276,DE,DEU,Germany
385490,M. Lombard,Matthieu,,Lombard,,250,FR,FRA,France,250,FR,FRA,France
396651,S. Giovani,Stefano,,Giovani,,380,IT,ITA,Italy,380,IT,ITA,Italy
393456,S. Longo,Stefano,,Longo,,250,FR,FRA,France,250,FR,FRA,France
385547,C. Günsch,Christof,,Günsch,,276,DE,DEU,Germany,276,DE,DEU,Germany
407737,J. Sikazwe,Janny,,Sikazwe,1979-05-26,894,ZM,ZMB,Zambia,894,ZM,ZMB,Zambia
385955,J. Simpson,Jeremy,,Simpson,1975-05-13,826,EN,XEN,England,826,EN,XEN,England
385504,G. Lang,Gilles,,Lang,,250,FR,FRA,France,250,FR,FRA,France
395061,José Matías,José Manuel,,Matías Caballero,1973-08-10,724,ES,ESP,Spain,724,ES,ESP,Spain
392692,F. Preti,Fabiano,,Preti,,380,IT,ITA,Italy,380,IT,ITA,Italy
381863,J. Wicht,Jean-Yves,,Wicht,,756,CH,CHE,Switzerland,756,CH,CHE,Switzerland
384895,F. Cano,Frédéric,,Cano,1973-07-23,250,FR,FRA,France,250,FR,FRA,France
456280,K. Zitouni,Kader,,Zitouni,,1012,TA,XTA,Tahiti,1012,TA,XTA,Tahiti
407722,M. Diedhiou,Malang,,Diedhiou,,686,SN,SEN,Senegal,686,SN,SEN,Senegal
396661,T. Villa,Tarcisio,,Villa,,380,IT,ITA,Italy,380,IT,ITA,Italy
384898,F. Brych,Felix,,Brych,1975-08-03,276,DE,DEU,Germany,276,DE,DEU,Germany
377257,L. Pairetto,Luca,,Pairetto,1984-04-14,380,IT,ITA,Italy,380,IT,ITA,Italy
384969,Jon Núñez,Jon,,Núñez Fernández,,724,ES,ESP,Spain,724,ES,ESP,Spain
395100,Albert Ávalos,Albert,,Ávalos Martos,1986-04-22,724,ES,ESP,Spain,724,ES,ESP,Spain
384903,D. McGraith,Damien,,McGraith,1980-10-12,372,IE,IRL,Ireland Republic,372,IE,IRL,Ireland Republic
420691,Daniel Baiges,Daniel David,,Baiges Dones,1989-11-26,724,ES,ESP,Spain,724,ES,ESP,Spain
458045,A. González,Alexander,,González,,862,VE,VEN,Venezuela,862,VE,VEN,Venezuela
387277,J. Pfeifer,Johann,,Pfeifer,,276,DE,DEU,Germany,276,DE,DEU,Germany
557224,M. Javier,Mateo Valero,,Francisco Javier,,724,ES,ESP,Spain,724,ES,ESP,Spain
386323,M. Berchebru,Mikael,,Berchebru,,250,FR,FRA,France,250,FR,FRA,France
394732,L. Marinelli,Livio,,Marinelli,1984-11-06,380,IT,ITA,Italy,380,IT,ITA,Italy
385497,S. Palhies,Sylvain,,Palhies,1977-11-11,250,FR,FRA,France,250,FR,FRA,France
395163,David Pinto,David Jesús,,Pinto Herrera,1981-08-20,724,ES,ESP,Spain,724,ES,ESP,Spain
392330,D. Đurđević,Dalibor,,Đurđević,1973-03-25,688,RS,SRB,Serbia,688,RS,SRB,Serbia
387274,R. Kempter,Robert,,Kempter,1988-03-22,276,DE,DEU,Germany,276,DE,DEU,Germany
393618,F. Fiore,Francesco,,Fiore,1982-11-03,380,IT,ITA,Italy,380,IT,ITA,Italy
383887,T. Christ,Tobias,,Christ,1976-06-26,276,DE,DEU,Germany,276,DE,DEU,Germany
383334,C. Leicher,Christian,,Leicher,1978-08-21,276,DE,DEU,Germany,276,DE,DEU,Germany
395066,Andoni Huerga,Andoni,,Huerga Cermeño,,724,ES,ESP,Spain,724,ES,ESP,Spain
384955,N. Danos,Nicolas,,Danos,,250,FR,FRA,France,250,FR,FRA,France
377232,P. Mazzoleni,Paolo Silvio,,Mazzoleni,1974-06-12,380,IT,ITA,Italy,380,IT,ITA,Italy
388914,A. Grare,Antoine,,Grare,,250,FR,FRA,France,250,FR,FRA,France
393587,F. Piscopo,Fabio,,Piscopo,1986-11-03,380,IT,ITA,Italy,380,IT,ITA,Italy
378144,Emerson De Carvalho,Emerson Augusto,,De Carvalho,1972-06-24,76,BR,BRA,Brazil,76,BR,BRA,Brazil
384145,M. Torrentera,Marvin César,,Torrentera Rivera,1971-02-25,484,MX,MEX,Mexico,484,MX,MEX,Mexico
379045,Diego Barbero,Diego,,Barbero Sevilla,,724,ES,ESP,Spain,724,ES,ESP,Spain
395088,César Soto,César,,Soto Grado,1980-06-17,724,ES,ESP,Spain,724,ES,ESP,Spain
395271,Alberto González,Alberto,,González Hernández,1988-07-14,724,ES,ESP,Spain,724,ES,ESP,Spain
456340,Mario Díaz,Mario,,Díaz Ortiz,,724,ES,ESP,Spain,724,ES,ESP,Spain
377237,R. Pinzani,Riccardo,,Pinzani,1978-04-21,380,IT,ITA,Italy,380,IT,ITA,Italy
381617,M. Clattenburg,Mark,,Clattenburg,1975-03-13,826,EN,XEN,England,826,EN,XEN,England
420032,A. Chiocchi,Andrea,,Chiocchi,,380,IT,ITA,Italy,380,IT,ITA,Italy
395318,Sergio Escriche,Sergio,,Escriche Guzmán,1989-03-07,724,ES,ESP,Spain,724,ES,ESP,Spain
393151,M. McDonough,Mick,,McDonough,,826,EN,XEN,England,826,EN,XEN,England
395205,Víctor Rives,Víctor,,Rives Leal,1983-04-21,724,ES,ESP,Spain,724,ES,ESP,Spain
420994,Manuel Torre,Manuel Ángel,,Torre Cimiano,,724,ES,ESP,Spain,724,ES,ESP,Spain
385799,B. Jouannaud,Bertrand,,Jouannaud,,250,FR,FRA,France,250,FR,FRA,France
383492,E. Liberatore,Elenito,,Di Liberatore,,380,IT,ITA,Italy,380,IT,ITA,Italy
460048,Jaime Ruiz,Jaime,,Ruiz Álvarez,1987-02-22,724,ES,ESP,Spain,724,ES,ESP,Spain
387146,B. Steinhaus,Bibiana,,Steinhaus,1979-03-24,276,DE,DEU,Germany,276,DE,DEU,Germany
457643,C. Rossi,Christian,,Rossi,,380,IT,ITA,Italy,380,IT,ITA,Italy
379752,F. Andås,Frank,,Andås,1975-09-26,578,NO,NOR,Norway,578,NO,NOR,Norway
384891,M. Mullarkey,Mike,,Mullarkey,1970-05-03,826,EN,XEN,England,826,EN,XEN,England
396653,A. Di Martino,Antonio,,Di Martino,1987-12-22,380,IT,ITA,Italy,380,IT,ITA,Italy
398960,Iván Hernández,Iván,,Hernández Ramos,,724,ES,ESP,Spain,724,ES,ESP,Spain
377258,G. Manganiello,Gianluca,,Manganiello,1981-11-28,380,IT,ITA,Italy,380,IT,ITA,Italy
379067,T. Mokrusch,Tomáš,,Mokrusch,,203,CZ,CZE,Czech Republic,203,CZ,CZE,Czech Republic
457938,L. Lanotte,Luigi,,Lanotte,,380,IT,ITA,Italy,380,IT,ITA,Italy
385918,A. Halliday,Andy,,Halliday,,826,EN,XEN,England,826,EN,XEN,England
379973,C. Ramos,César Arturo,,Ramos Palazuelos,1983-12-15,484,MX,MEX,Mexico,484,MX,MEX,Mexico
385517,G. Pasqualotti,Gwenaël,,Pasqualotti,,250,FR,FRA,France,250,FR,FRA,France
381844,G. Debart,Guillaume,,Debart,,250,FR,FRA,France,250,FR,FRA,France
